,PROPERTY TYPE,ADDRESS,CITY,STATE OR PROVINCE,ZIP OR POSTAL CODE,PRICE,BEDS,BATHS,LOCATION,SQUARE FEET,$/SQUARE FEET,HOA/MONTH,LATITUDE,LONGITUDE,BUILT YEAR,COORDINATES
0,Condo/Co-op,1548 Jones St,San Francisco,CA,94109,1400000,2.0,2.0,Nob Hill,1158.0,1209.0,339.0,37.7956865,-122.4147746,1910,"37.7956865,-122.4147746"
1,Condo/Co-op,2200 Market St #402,San Francisco,CA,94114,1150000,1.0,1.5,Duboce Triangle,825.0,1394.0,627.0,37.7657893,-122.431598,2014,"37.7657893,-122.431598"
2,Condo/Co-op,2040 Franklin St #1004,San Francisco,CA,94109,998000,1.0,1.0,Pacific Heights,919.0,1086.0,942.0,37.7935189,-122.4243158,1966,"37.7935189,-122.4243158"
3,Condo/Co-op,1425 Vallejo St #205,San Francisco,CA,94109,1349000,2.0,2.0,Russian Hill,1034.0,1305.0,744.0,37.7967355,-122.42082659999998,1982,"37.7967355,-122.42082659999998"
4,Condo/Co-op,260 King St #903,San Francisco,CA,94107,1249000,2.0,2.0,Mission Bay,1286.0,971.0,932.0,37.7776422,-122.39341809999999,2004,"37.7776422,-122.39341809999999"
5,Condo/Co-op,125 Gilbert St #5,San Francisco,CA,94103,929000,1.0,1.5,South of Market,,,667.0,37.7730847,-122.40209080000001,1996,"37.7730847,-122.40209080000001"
6,Condo/Co-op,77 Van Ness Ave #505,San Francisco,CA,94102,845000,1.0,1.0,Van Ness/Civic Center,947.0,892.0,443.0,37.7760549,-122.41993719999999,2009,"37.7760549,-122.41993719999999"
7,Multi-Family (2-4 Unit),351 29th Ave,San Francisco,CA,94121,2668000,6.0,4.0,Central Richmond,3038.0,878.0,,37.782705,-122.4895507,1911,"37.782705,-122.4895507"
8,Condo/Co-op,1260 Clay St #205,San Francisco,CA,94108,799000,1.0,1.0,Nob Hill,,,575.0,37.7935706,-122.4136811,1950,"37.7935706,-122.4136811"
9,Condo/Co-op,115 Carl St #3,San Francisco,CA,94117,685000,1.0,1.0,Parnassus/Ashbury Heights,572.0,1198.0,360.0,37.7655847,-122.4504283,1964,"37.7655847,-122.4504283"
10,Condo/Co-op,2987 Harrison St,San Francisco,CA,94110,1325000,3.0,2.0,Inner Mission,1658.0,799.0,180.0,37.749783,-122.4113096,1900,"37.749783,-122.4113096"
11,Condo/Co-op,1805 Pine St #22,San Francisco,CA,94109,609000,1.0,1.0,Lower Pacific Height,525.0,1160.0,484.0,37.788791100000005,-122.4256463,1924,"37.788791100000005,-122.4256463"
12,Single Family Residential,1469 Palou Ave,San Francisco,CA,94124,999000,4.0,2.0,Bayview,2362.0,423.0,,37.732407099999996,-122.3886318,1900,"37.732407099999996,-122.3886318"
13,Condo/Co-op,400 Beale St #1314,San Francisco,CA,94105,1599000,3.0,2.0,South Beach,1433.0,1116.0,978.0,37.7869049,-122.39092020000001,2001,"37.7869049,-122.39092020000001"
14,Condo/Co-op,10 Innes Ct #106,San Francisco,CA,94124,674998,1.0,1.0,Hunters Point,750.0,900.0,420.0,37.7280682,-122.3679965,2018,"37.7280682,-122.3679965"
15,Condo/Co-op,1150 Folsom St #4,San Francisco,CA,94103,999000,1.0,1.5,South of Market,1200.0,833.0,524.0,37.7759504,-122.4092942,2000,"37.7759504,-122.4092942"
16,Condo/Co-op,631 Folsom St Unit 10C,San Francisco,CA,94107,1249995,2.0,2.0,Yerba Buena,1054.0,1186.0,994.0,37.784730200000006,-122.39686119999999,2009,"37.784730200000006,-122.39686119999999"
17,Condo/Co-op,1075 Market St #211,San Francisco,CA,94103,579998,0.0,1.0,South of Market,423.0,1371.0,626.0,37.7807996,-122.4118342,2018,"37.7807996,-122.4118342"
18,Condo/Co-op,1160 Mission St #810,San Francisco,CA,94103,799000,1.0,1.0,South of Market,755.0,1058.0,777.0,37.7787037,-122.4126341,2008,"37.7787037,-122.4126341"
19,Single Family Residential,1231 Judah St,San Francisco,CA,94122,1395000,3.0,4.0,Inner Sunset,1720.0,811.0,,37.761522,-122.47541499999998,1937,"37.761522,-122.47541499999998"
20,Single Family Residential,817 Guerrero St,San Francisco,CA,94110,2600000,2.0,2.0,Eureka Valley/Dolore,,,,37.758045,-122.4232997,1900,"37.758045,-122.4232997"
21,Condo/Co-op,1875 Mission St #108,San Francisco,CA,94103,649000,0.0,1.0,Inner Mission,619.0,1048.0,526.0,37.7671013,-122.41944609999999,2014,"37.7671013,-122.41944609999999"
22,Condo/Co-op,221 Clara St #1,San Francisco,CA,94107,1175000,2.0,2.5,South of Market,1518.0,774.0,471.0,37.7789397,-122.4027541,2000,"37.7789397,-122.4027541"
23,Condo/Co-op,407 Miguel St,San Francisco,CA,94131,649000,1.0,1.0,Glen Park,,,245.0,37.73668,-122.426822,1890,"37.73668,-122.426822"
24,Condo/Co-op,1477 Dolores St #1477,San Francisco,CA,94110,1598000,2.0,2.0,Noe Valley,1483.0,1078.0,345.0,37.7458186,-122.42418590000001,1906,"37.7458186,-122.42418590000001"
25,Condo/Co-op,51 Innes Ct #207,San Francisco,CA,94124,699777,1.0,1.0,San Francisco,720.0,972.0,504.0,37.727211700000005,-122.367848,2017,"37.727211700000005,-122.367848"
26,Multi-Family (2-4 Unit),2437-2441 Post St,San Francisco,CA,94115,2149000,9.0,3.0,Lower Pacific Height,4260.0,504.0,,37.7837411,-122.4419644,1895,"37.7837411,-122.4419644"
27,Condo/Co-op,1781 Oak St #3,San Francisco,CA,94117,1049000,2.0,1.0,San Francisco,772.0,1359.0,,37.7714744,-122.4485572,1924,"37.7714744,-122.4485572"
28,Multi-Family (2-4 Unit),28 Santa Marina St,San Francisco,CA,94110,1250000,3.0,2.0,San Francisco,1436.0,870.0,,37.740176700000006,-122.4225598,1977,"37.740176700000006,-122.4225598"
29,Condo/Co-op,4349 18th St,San Francisco,CA,94114,1450000,2.0,2.5,San Francisco,1209.0,1199.0,398.0,37.7605142,-122.4380156,1904,"37.7605142,-122.4380156"
30,Condo/Co-op,117 Diamond Cove Ter,San Francisco,CA,94134,949000,2.0,2.5,San Francisco,1368.0,694.0,,37.7130704,-122.3941746,2012,"37.7130704,-122.3941746"
31,Condo/Co-op,5301 Mission St #4,San Francisco,CA,94112,779000,2.0,2.0,San Francisco,1018.0,765.0,307.0,37.714307399999996,-122.44263640000001,2001,"37.714307399999996,-122.44263640000001"
32,Single Family Residential,1222 43rd Ave,San Francisco,CA,94122,949000,2.0,1.0,Outer Sunset,1075.0,883.0,,37.7638278,-122.5027416,1924,"37.7638278,-122.5027416"
33,Single Family Residential,1670 Newcomb Ave,San Francisco,CA,94124,850000,2.0,1.0,Bayview,1041.0,817.0,,37.736227500000005,-122.39099740000002,1936,"37.736227500000005,-122.39099740000002"
34,Condo/Co-op,10 South Park St #9,San Francisco,CA,94107,1399000,2.0,1.75,South Beach,1145.0,1222.0,792.0,37.782357,-122.3935037,1993,"37.782357,-122.3935037"
35,Vacant Land,7 Edgar Pl,SAN FRANCISCO,CA,94112,699000,,,SAN FRANCISCO,,,,37.720595200000005,-122.45245390000001,nan,"37.720595200000005,-122.45245390000001"
36,Condo/Co-op,401 Harrison St Unit 24G,San Francisco,CA,94105,1149000,1.0,1.0,South Beach,760.0,1512.0,1225.0,37.7864989,-122.39214869999999,2014,"37.7864989,-122.39214869999999"
37,Multi-Family (5+ Unit),888 Waller St,San Francisco,CA,94117,3750000,12.0,,Buena Vista Park,5820.0,644.0,,37.7703816,-122.4383084,1900,"37.7703816,-122.4383084"
38,Condo/Co-op,197-199 Joost Ave #199,San Francisco,CA,94131,878000,2.0,1.0,Sunnyside,,,271.0,37.732239,-122.4394685,1908,"37.732239,-122.4394685"
39,Condo/Co-op,451 Kansas St #573,San Francisco,CA,94107,889000,1.0,1.0,Potrero Hill,,,520.0,37.764113,-122.4029865,2007,"37.764113,-122.4029865"
40,Condo/Co-op,262 6th Ave,San Francisco,CA,94118,1895000,3.0,2.5,Inner Richmond,2045.0,927.0,230.0,37.783665299999996,-122.464249,1905,"37.783665299999996,-122.464249"
41,Condo/Co-op,590 Lombard St,San Francisco,CA,94133,2195000,3.0,3.0,North Beach,,,,37.8031941,-122.41115400000001,1926,"37.8031941,-122.41115400000001"
42,Condo/Co-op,77 Dow Pl #102,San Francisco,CA,94107,1019000,1.0,1.5,Yerba Buena,1173.0,869.0,870.0,37.7841561,-122.3966189,2002,"37.7841561,-122.3966189"
43,Condo/Co-op,2448 Lombard St #310,San Francisco,CA,94123,1768000,2.0,2.0,Marina,1141.0,1550.0,683.0,37.799330700000006,-122.44205929999998,2020,"37.799330700000006,-122.44205929999998"
44,Condo/Co-op,2448 Lombard St #201,San Francisco,CA,94123,988000,1.0,1.0,Marina,733.0,1348.0,602.0,37.799330700000006,-122.44205929999998,2020,"37.799330700000006,-122.44205929999998"
45,Single Family Residential,1058-1060 Fulton St,San Francisco,CA,94117,4998000,7.0,5.0,Alamo Square,,,,37.777562200000006,-122.43421790000001,1911,"37.777562200000006,-122.43421790000001"
46,Single Family Residential,906 Capitol Ave,San Francisco,CA,94112,828000,2.0,1.0,Ingleside,,,,37.718413,-122.459042,1922,"37.718413,-122.459042"
47,Condo/Co-op,3641 Webster,San Francisco,CA,94117,1895000,2.0,1.5,Marina,1605.0,1181.0,437.0,37.804322,-122.435565,nan,"37.804322,-122.435565"
48,Condo/Co-op,232 Castro St #2,San Francisco,CA,94114,1875000,2.0,2.0,Duboce Triangle,1844.0,1017.0,583.0,37.765162700000005,-122.43575220000001,1997,"37.765162700000005,-122.43575220000001"
49,Single Family Residential,308 Los Palmos Dr,San Francisco,CA,94127,1250000,2.0,1.0,Miraloma Park,,,,37.7359723,-122.45029960000001,1960,"37.7359723,-122.45029960000001"
50,Condo/Co-op,1462 Broadway,San Francisco,CA,94109,1195000,2.0,2.0,Nob Hill,1171.0,1020.0,572.0,37.796168,-122.421171,1909,"37.796168,-122.421171"
51,Condo/Co-op,170 King St #601,San Francisco,CA,94107,1299999,2.0,2.0,South Beach,1005.0,1294.0,752.0,37.7789817,-122.39175149999998,2007,"37.7789817,-122.39175149999998"
52,Single Family Residential,1968 Greenwich St,San Francisco,CA,94123,3425000,3.0,2.5,Cow Hollow,2418.0,1416.0,200.0,37.799718,-122.43211299999999,1900,"37.799718,-122.43211299999999"
53,Condo/Co-op,1966 Greenwich St,San Francisco,CA,94123,1400000,2.0,1.5,Cow Hollow,1066.0,1313.0,100.0,37.799664899999996,-122.4321307,1900,"37.799664899999996,-122.4321307"
54,Single Family Residential,4330 19th St,San Francisco,CA,94114,2195000,3.0,1.5,Eureka Valley/Dolore,1845.0,1190.0,,37.759306,-122.437727,1906,"37.759306,-122.437727"
55,Condo/Co-op,870 Harrison St #203,SAN FRANCISCO,CA,94107,688000,1.0,1.0,SAN FRANCISCO,531.0,1296.0,598.0,37.7797425,-122.40135729999999,2015,"37.7797425,-122.40135729999999"
56,Condo/Co-op,950 Tennessee St #109,San Francisco,CA,94107,929000,1.0,1.0,Central Waterfront,777.0,1196.0,544.0,37.759674700000005,-122.38982450000002,2020,"37.759674700000005,-122.38982450000002"
57,Condo/Co-op,3953 24th St #1,San Francisco,CA,94114,799000,1.0,2.0,Noe Valley,813.0,983.0,625.0,37.751247799999994,-122.43078340000001,2004,"37.751247799999994,-122.43078340000001"
58,Condo/Co-op,710 Arguello Blvd,San Francisco,CA,94118,1445000,3.0,3.0,Lone Mountain,1375.0,1051.0,395.0,37.776903499999996,-122.45830890000002,1919,"37.776903499999996,-122.45830890000002"
59,Single Family Residential,26 Maddux Ave,San Francisco,CA,94124,1400000,4.0,2.0,Silver Terrace,1860.0,753.0,,37.73480670000001,-122.3984875,1941,"37.73480670000001,-122.3984875"
60,Single Family Residential,2614 25th Ave,San Francisco,CA,94116,1149000,3.0,1.0,Parkside,1300.0,884.0,,37.7387219,-122.481629,1947,"37.7387219,-122.481629"
61,Multi-Family (2-4 Unit),969-971 Oak St,San Francisco,CA,94117,2150000,5.0,2.0,Hayes Valley,2227.0,965.0,,37.773131299999996,-122.43517379999999,1900,"37.773131299999996,-122.43517379999999"
62,Townhouse,200 Dolores St #3,San Francisco,CA,94103,1749000,2.0,2.5,Mission Dolores,1441.0,1214.0,727.0,37.766057200000006,-122.4269225,2014,"37.766057200000006,-122.4269225"
63,Condo/Co-op,55 Red Rock Way Unit 110O,San Francisco,CA,94131,489000,0.0,1.0,Diamond Heights,474.0,1032.0,491.0,37.7459864,-122.4410176,1972,"37.7459864,-122.4410176"
64,Condo/Co-op,1298 Treat Ave,San Francisco,CA,94110,1249000,4.0,2.0,Inner Mission,1250.0,999.0,360.0,37.7493778,-122.4127122,1900,"37.7493778,-122.4127122"
65,Condo/Co-op,1440 Broadway #304,San Francisco,CA,94109,799000,1.0,1.0,Nob Hill,685.0,1166.0,677.0,37.7963851,-122.42072649999999,1982,"37.7963851,-122.42072649999999"
66,Condo/Co-op,1625 Lake St,San Francisco,CA,94121,1549000,2.0,2.0,Lake,1577.0,982.0,200.0,37.785911,-122.4771297,1995,"37.785911,-122.4771297"
67,Condo/Co-op,1483 Oak St,San Francisco,CA,94117,1795000,3.0,2.5,Haight Ashbury,2584.0,695.0,250.0,37.772086,-122.44364399999999,1900,"37.772086,-122.44364399999999"
68,Multi-Family (2-4 Unit),1029 Anza St,San Francisco,CA,94118,1495000,3.0,2.0,Inner Richmond,2300.0,650.0,,37.7791099,-122.45935159999998,1905,"37.7791099,-122.45935159999998"
69,Single Family Residential,32 Josiah Ave,San Francisco,CA,94112,799000,1.0,1.0,Ingleside,,,,37.7186265,-122.4529937,1900,"37.7186265,-122.4529937"
70,Multi-Family (2-4 Unit),2637 Baker St,San Francisco,CA,94123,2998000,9.0,2.0,Cow Hollow,5055.0,593.0,,37.7953907,-122.4456377,1913,"37.7953907,-122.4456377"
71,Condo/Co-op,435 China Basin St #521,SAN FRANCISCO,CA,94158,1550000,2.0,2.0,SAN FRANCISCO,1259.0,1231.0,783.0,37.771593599999996,-122.38858929999999,2012,"37.771593599999996,-122.38858929999999"
72,Condo/Co-op,2172 Pine St #2,San Francisco,CA,94115,1249000,1.0,1.0,Lower Pacific Height,1201.0,1040.0,330.0,37.7885051,-122.43153659999999,1875,"37.7885051,-122.43153659999999"
73,Multi-Family (5+ Unit),500-504 8th Ave,San Francisco,CA,94118,2868000,6.0,,Inner Richmond,5015.0,572.0,,37.778893200000006,-122.46617320000001,1907,"37.778893200000006,-122.46617320000001"
74,Condo/Co-op,188 Minna St Unit 32D,San Francisco,CA,94105,3849000,2.0,2.5,Yerba Buena,1792.0,2148.0,2744.0,37.786146200000005,-122.4013007,2005,"37.786146200000005,-122.4013007"
75,Condo/Co-op,494 Filbert St,San Francisco,CA,94133,1295000,2.0,1.0,Telegraph Hill,981.0,1320.0,120.0,37.801755299999996,-122.4077021,1939,"37.801755299999996,-122.4077021"
76,Single Family Residential,421 Point Lobos Ave,San Francisco,CA,94121,1395000,2.0,2.0,Outer Richmond,1443.0,967.0,,37.7796376,-122.5077261,1941,"37.7796376,-122.5077261"
77,Condo/Co-op,355 Bryant St #104,San Francisco,CA,94107,2495000,2.0,2.0,South Beach,2206.0,1131.0,950.0,37.7835506,-122.39242150000001,1917,"37.7835506,-122.39242150000001"
78,Single Family Residential,530 Crescent Ave,San Francisco,CA,94110,1179000,2.0,1.0,Bernal Heights,1125.0,1048.0,,37.7347192,-122.415745,1938,"37.7347192,-122.415745"
79,Condo/Co-op,1410 Shrader St,San Francisco,CA,94117,1645000,2.0,1.5,Parnassus/Ashbury Heights,1607.0,1024.0,170.0,37.762190999999994,-122.45042600000001,1916,"37.762190999999994,-122.45042600000001"
80,Condo/Co-op,400 Beale St #506,San Francisco,CA,94105,1049000,2.0,1.0,South Beach,1038.0,1011.0,,37.7869049,-122.39092020000001,2002,"37.7869049,-122.39092020000001"
81,Condo/Co-op,1788 Clay St #304,San Francisco,CA,94109,1350000,2.0,2.0,Nob Hill,975.0,1385.0,723.0,37.7925699,-122.42224979999999,2014,"37.7925699,-122.42224979999999"
82,Condo/Co-op,178 Randall St,San Francisco,CA,94131,1695000,2.0,2.5,Glen Park,1465.0,1157.0,392.0,37.7398549,-122.4274019,2008,"37.7398549,-122.4274019"
83,Condo/Co-op,250 King St #952,San Francisco,CA,94107,2399000,3.0,3.0,Mission Bay,2450.0,979.0,1812.0,37.7776422,-122.39341809999999,2004,"37.7776422,-122.39341809999999"
84,Condo/Co-op,1895 Pacific Ave #104,San Francisco,CA,94109,599000,0.0,1.0,Pacific Heights,512.0,1170.0,440.0,37.7941676,-122.4262431,1931,"37.7941676,-122.4262431"
85,Single Family Residential,710 Laguna Honda Blvd,SAN FRANCISCO,CA,94127,1199000,3.0,1.0,SAN FRANCISCO,1471.0,815.0,,37.744569899999995,-122.45705179999999,1927,"37.744569899999995,-122.45705179999999"
86,Single Family Residential,58507 Dowville West,Huntington Lake,CA,93634,119000,1.0,1.0,Huntington Lake,608.0,196.0,49.0,37.782381,-122.41655,nan,"37.782381,-122.41655"
87,Single Family Residential,52 Santa Marina St,San Francisco,CA,94110,1645000,3.0,2.0,Bernal Heights,1601.0,1027.0,,37.739964,-122.42203700000002,1909,"37.739964,-122.42203700000002"
88,Condo/Co-op,2031 Hayes St,San Francisco,CA,94117,1935000,3.0,2.5,San Francisco County,1670.0,1159.0,,37.773357085,-122.4499369,1910,"37.773357085,-122.4499369"
89,Single Family Residential,81 Pinehurst Way,San Francisco,CA,94127,1849000,4.0,3.0,Mount Davidson Manor,2468.0,749.0,,37.728052000000005,-122.4652006,1928,"37.728052000000005,-122.4652006"
90,Single Family Residential,2 Lake Forest Ct,San Francisco,CA,94131,1495000,3.0,2.0,Forest Knolls,1408.0,1062.0,,37.7545778,-122.460004,1961,"37.7545778,-122.460004"
91,Condo/Co-op,1080 Chestnut St Unit 11B,San Francisco,CA,94109,3395000,3.0,2.5,Russian Hill,2105.0,1613.0,3122.0,37.803057,-122.42102120000001,1962,"37.803057,-122.42102120000001"
92,Condo/Co-op,49 Zoe St #6,San Francisco,CA,94107,879000,1.0,1.5,South Beach,987.0,891.0,550.0,37.7800761,-122.3960123,1997,"37.7800761,-122.3960123"
93,Single Family Residential,537 Magellan Ave,San Francisco,CA,94116,2275000,5.0,3.5,Forest Hill,2944.0,773.0,,37.7440274,-122.4669143,1920,"37.7440274,-122.4669143"
94,Condo/Co-op,436-440 Scott St #438,San Francisco,CA,94117,1549000,3.0,2.5,Hayes Valley,1354.0,1144.0,350.0,37.7738902,-122.43550220000002,1895,"37.7738902,-122.43550220000002"
95,Condo/Co-op,1300 22nd St #107,San Francisco,CA,94107,795000,1.0,1.0,Potrero Hill,565.0,1407.0,568.0,37.7578379,-122.39447140000001,2016,"37.7578379,-122.39447140000001"
96,Condo/Co-op,200 Brannan St #234,San Francisco,CA,94107,1995000,2.0,2.0,South Beach,1892.0,1054.0,910.0,37.7836002,-122.3907074,2004,"37.7836002,-122.3907074"
97,Condo/Co-op,1776 Sacramento St #708,San Francisco,CA,94109,1498000,3.0,2.0,Nob Hill,1526.0,982.0,890.0,37.791618299999996,-122.42209820000001,1992,"37.791618299999996,-122.42209820000001"
98,Condo/Co-op,338 Spear St Unit 16G,San Francisco,CA,94105,999000,1.0,1.0,South Beach,807.0,1238.0,891.0,37.789413700000004,-122.3906433,2009,"37.789413700000004,-122.3906433"
99,Multi-Family (2-4 Unit),237 San Jose Ave,San Francisco,CA,94110,2800000,11.0,4.5,Noe Valley,4800.0,583.0,,37.7514387,-122.42125970000001,1904,"37.7514387,-122.42125970000001"
100,Multi-Family (2-4 Unit),170 Pfeiffer St,San Francisco,CA,94133,5400000,6.0,4.5,Telegraph Hill,,,,37.8048306,-122.4096277,nan,"37.8048306,-122.4096277"
101,Condo/Co-op,301 Main St Unit 7C,San Francisco,CA,94105,2099000,3.0,2.5,South Beach,1752.0,1198.0,1059.0,37.7895974,-122.3911965,2008,"37.7895974,-122.3911965"
102,Condo/Co-op,72 Townsend St #401,San Francisco,CA,94107,1029000,1.0,1.0,South Beach,788.0,1306.0,792.0,37.781388,-122.39035249999999,2015,"37.781388,-122.39035249999999"
103,Townhouse,232 Friedell St,San Francisco,CA,94124,799999,2.0,2.0,Hunters Point,,,271.0,37.728432,-122.37011310000001,2016,"37.728432,-122.37011310000001"
104,Condo/Co-op,439 Greenwich St #9,San Francisco,CA,94133,750000,1.0,1.0,Telegraph Hill,535.0,1402.0,525.0,37.8023778,-122.4070114,1979,"37.8023778,-122.4070114"
105,Condo/Co-op,456 Carl St,San Francisco,CA,94117,1199000,3.0,2.0,Parnassus/Ashbury Heights,1271.0,943.0,485.0,37.765018,-122.4569962,1990,"37.765018,-122.4569962"
106,Townhouse,77 Dow Pl #711,San Francisco,CA,94107,1025000,1.0,1.5,Yerba Buena,1293.0,793.0,896.0,37.7841561,-122.3966189,2002,"37.7841561,-122.3966189"
107,Condo/Co-op,2100 Green St #704,San Francisco,CA,94123,3495000,2.0,2.0,Pacific Heights,1866.0,1873.0,1618.0,37.796589399999995,-122.4339807,1928,"37.796589399999995,-122.4339807"
108,Single Family Residential,124 Miguel St,San Francisco,CA,94131,1395000,2.0,2.0,Glen Park,1550.0,900.0,,37.73794229999999,-122.4286419,1903,"37.73794229999999,-122.4286419"
109,Single Family Residential,627 16th Ave,San Francisco,CA,94118,1350000,3.0,1.0,Central Richmond,2076.0,650.0,,37.776171999999995,-122.475109,1918,"37.776171999999995,-122.475109"
110,Single Family Residential,3467 Pacific Ave,San Francisco,CA,94118,8950000,6.0,6.0,Presidio Heights,5625.0,1591.0,,37.7908948,-122.45207590000001,1909,"37.7908948,-122.45207590000001"
111,Single Family Residential,109 Joost Ave,San Francisco,CA,94131,1028000,2.0,1.0,Sunnyside,903.0,1138.0,,37.7322456,-122.4378105,1923,"37.7322456,-122.4378105"
112,Condo/Co-op,555 4th St #913,San Francisco,CA,94107,1288000,2.0,2.0,South Beach,907.0,1420.0,664.0,37.7794218,-122.39671240000001,2006,"37.7794218,-122.39671240000001"
113,Condo/Co-op,99 Rausch St #320,San Francisco,CA,94103,659000,0.0,1.0,South of Market,,,515.0,37.7762348,-122.4090223,2017,"37.7762348,-122.4090223"
114,Condo/Co-op,52 Innes Ct #203,San Francisco,CA,94124,649888,1.0,1.0,Hunters Point,670.0,970.0,460.0,37.7276224,-122.3674287,2017,"37.7276224,-122.3674287"
115,Condo/Co-op,175 Red Rock Way Unit 207K,San Francisco,CA,94131,529000,0.0,1.0,Diamond Heights,592.0,894.0,492.0,37.745807,-122.44206899999999,1972,"37.745807,-122.44206899999999"
116,Condo/Co-op,1047 Mississippi St #9,San Francisco,CA,94107,949000,1.0,1.5,Potrero Hill,1385.0,685.0,526.0,37.753163799999996,-122.39337309999999,2001,"37.753163799999996,-122.39337309999999"
117,Single Family Residential,320 Ocean Ave,San Francisco,CA,94112-2532,1498888,5.0,3.0,Mission Terrace,2432.0,616.0,,37.7232378,-122.4436053,1931,"37.7232378,-122.4436053"
118,Single Family Residential,715 Foerster St,San Francisco,CA,94127,1735000,4.0,2.5,Miraloma Park,1909.0,909.0,25.0,37.734140999999994,-122.449219,1960,"37.734140999999994,-122.449219"
119,Condo/Co-op,501 Crescent Way #5107,San Francisco,CA,94134,728000,2.0,2.0,Candlestick Point,1095.0,665.0,540.0,37.711928799999995,-122.3886055,2006,"37.711928799999995,-122.3886055"
120,Condo/Co-op,875 Indiana St #324,San Francisco,CA,94107,975000,1.0,1.5,Central Waterfront,852.0,1144.0,523.0,37.759671600000004,-122.3908629,2009,"37.759671600000004,-122.3908629"
121,Single Family Residential,,San Francisco,CA,94124,925000,3.0,1.0,Bayview,1155.0,801.0,,37.73158660000001,-122.3860899,1961,"37.73158660000001,-122.3860899"
122,Single Family Residential,1710 Diamond St,San Francisco,CA,94131,4498800,4.0,3.5,Noe Valley,3645.0,1234.0,,37.7438471,-122.4358179,2014,"37.7438471,-122.4358179"
123,Condo/Co-op,235 Berry St #201,San Francisco,CA,94158,899000,1.0,1.0,Mission Bay,840.0,1070.0,689.0,37.774703,-122.39408929999999,2007,"37.774703,-122.39408929999999"
124,Single Family Residential,1 Byron Ct,San Francisco,CA,94112,1388000,4.0,3.0,Crocker Amazon,2003.0,693.0,,37.709635799999994,-122.4433842,1978,"37.709635799999994,-122.4433842"
125,Single Family Residential,439 E Princeton St,San Francisco,CA,94134,999000,4.0,2.5,Portola,1306.0,765.0,,37.724340600000005,-122.41406359999999,1949,"37.724340600000005,-122.41406359999999"
126,Condo/Co-op,3731 Fillmore St #6,San Francisco,CA,94123,995000,1.0,1.0,Marina,792.0,1256.0,430.0,37.8049149,-122.4375445,1928,"37.8049149,-122.4375445"
127,Single Family Residential,4118 20th St,San Francisco,CA,94114,3350000,4.0,3.5,Eureka Valley/Dolore,2287.0,1465.0,,37.7579691,-122.43298850000001,1905,"37.7579691,-122.43298850000001"
128,Single Family Residential,532 Lyon St,San Francisco,CA,94117,4695000,5.0,4.5,North Panhandle,3919.0,1198.0,,37.7758013,-122.44271280000001,1904,"37.7758013,-122.44271280000001"
129,Condo/Co-op,1140 Page St,San Francisco,CA,94117,2289000,3.0,2.0,Haight Ashbury,1850.0,1237.0,510.0,37.7721199,-122.43956740000002,2012,"37.7721199,-122.43956740000002"
130,Condo/Co-op,750 Lake St,San Francisco,CA,94118,1895000,2.0,2.0,Lake,,,,37.7867156,-122.46772460000001,nan,"37.7867156,-122.46772460000001"
131,Single Family Residential,137 Ashton Ave,San Francisco,CA,94112,1595000,3.0,2.5,Merced Heights,1605.0,994.0,,37.7207164,-122.46244750000001,1924,"37.7207164,-122.46244750000001"
132,Condo/Co-op,1832 Page St #2,San Francisco,CA,94117,995000,2.0,2.0,Haight Ashbury,990.0,1005.0,409.0,37.7706724,-122.4510696,1900,"37.7706724,-122.4510696"
133,Condo/Co-op,3395 Market St,San Francisco,CA,94114,825000,1.0,1.0,Eureka Valley/Dolore,742.0,1112.0,396.0,37.7579936,-122.44308259999998,1906,"37.7579936,-122.44308259999998"
134,Single Family Residential,1089 Clayton St,San Francisco,CA,94117,2190000,3.0,2.0,Buena Vista Park,1615.0,1356.0,,37.76279470000001,-122.4471883,1941,"37.76279470000001,-122.4471883"
135,Condo/Co-op,1 Hawthorne St Unit 6J,San Francisco,CA,94105,1395000,2.0,2.0,Yerba Buena,1247.0,1119.0,1269.0,37.7857356,-122.39895209999999,2010,"37.7857356,-122.39895209999999"
136,Single Family Residential,326 Brunswick St,San Francisco,CA,94112,1498000,4.0,3.0,Crocker Amazon,,,,37.7112595,-122.4416479,1942,"37.7112595,-122.4416479"
137,Single Family Residential,40 Hanover St,SAN FRANCISCO,CA,94112,998000,2.0,1.0,SAN FRANCISCO,818.0,1220.0,,37.7101765,-122.44028300000001,1946,"37.7101765,-122.44028300000001"
138,Condo/Co-op,471 Jersey St,San Francisco,CA,94114,1779000,3.0,1.5,Noe Valley,1555.0,1144.0,400.0,37.7501559,-122.435556,1923,"37.7501559,-122.435556"
139,Townhouse,1736 A 20th Ave,San Francisco,CA,94122,1450000,3.0,3.0,Central Sunset,2225.0,652.0,270.0,37.755423,-122.477333,2001,"37.755423,-122.477333"
140,Multi-Family (2-4 Unit),243-245 Corbett Ave,San Francisco,CA,94114,1998000,4.0,4.0,Corona Heights,2868.0,697.0,,37.761233399999995,-122.4436419,1975,"37.761233399999995,-122.4436419"
141,Condo/Co-op,2049 Ellis St,San Francisco,CA,94115,1595000,3.0,2.0,Anza Vista,2001.0,797.0,305.0,37.781132899999996,-122.43989499999999,1902,"37.781132899999996,-122.43989499999999"
142,Multi-Family (2-4 Unit),5139-5141 Geary Blvd,San Francisco,CA,94118,1995000,4.0,4.5,Central Richmond,3180.0,627.0,,37.7802735,-122.47469879999998,1921,"37.7802735,-122.47469879999998"
143,Single Family Residential,27 Starview Way,San Francisco,CA,94131,1395000,2.0,1.0,Midtown Terrace,1062.0,1314.0,,37.75000120000001,-122.45174420000001,1956,"37.75000120000001,-122.45174420000001"
144,Condo/Co-op,446 Collingwood St,San Francisco,CA,94114,1995000,3.0,2.0,Eureka Valley/Dolore,1570.0,1271.0,117.0,37.7552395,-122.4358996,1968,"37.7552395,-122.4358996"
145,Single Family Residential,1374 46th Ave,San Francisco,CA,94122,1098000,8.0,3.0,Outer Sunset,2204.0,498.0,,37.7609266,-122.5057497,1915,"37.7609266,-122.5057497"
146,Single Family Residential,649 28th St,San Francisco,CA,94131,1700000,2.0,1.0,Noe Valley,1138.0,1494.0,,37.7445324,-122.4367649,1941,"37.7445324,-122.4367649"
147,Condo/Co-op,1177 California St #1703,San Francisco,CA,94108,638000,0.0,1.0,Nob Hill,411.0,1552.0,932.0,37.791026200000005,-122.4136476,1978,"37.791026200000005,-122.4136476"
148,Condo/Co-op,1000 3rd St #303,San Francisco,CA,94158,1825000,2.0,2.0,Mission Bay,1234.0,1479.0,928.0,37.7752125,-122.39022759999999,2018,"37.7752125,-122.39022759999999"
149,Single Family Residential,133 Cresta Vista Dr,San Francisco,CA,94127,1898000,4.0,3.0,Westwood Highlands,2400.0,791.0,,37.735655,-122.45674220000001,1988,"37.735655,-122.45674220000001"
150,Multi-Family (2-4 Unit),337-339 Monterey Blvd,San Francisco,CA,94131,1595000,3.0,2.0,Sunnyside,2602.0,613.0,,37.7312751,-122.44294350000001,2016,"37.7312751,-122.44294350000001"
151,Townhouse,1338 Filbert St,San Francisco,CA,94109,3998000,3.0,3.5,Russian Hill,2751.0,1453.0,985.0,37.800098,-122.42153859999999,1906,"37.800098,-122.42153859999999"
152,Condo/Co-op,11 High St #203,San Francisco,CA,94114,1398000,2.0,2.0,Noe Valley,1208.0,1157.0,450.0,37.7488223,-122.44320049999999,1980,"37.7488223,-122.44320049999999"
153,Single Family Residential,579 Moscow St,San Francisco,CA,94112,1285000,5.0,3.0,Excelsior,2090.0,615.0,,37.7183955,-122.42952679999999,nan,"37.7183955,-122.42952679999999"
154,Multi-Family (5+ Unit),4740 Balboa St,San Francisco,CA,94121,11000000,6.0,,Outer Richmond,15659.0,702.0,,37.775393,-122.50978400000001,1928,"37.775393,-122.50978400000001"
155,Condo/Co-op,445 Francisco St Unit F601,San Francisco,CA,94133,2198000,2.0,2.0,North Beach,1311.0,1677.0,,37.8046669,-122.4126295,2001,"37.8046669,-122.4126295"
156,Multi-Family (5+ Unit),3830 19th St,San Francisco,CA,94114,2800000,6.0,,Eureka Valley/Dolore,4740.0,591.0,,37.7598626,-122.4290725,1913,"37.7598626,-122.4290725"
157,Condo/Co-op,1244 12th Ave,San Francisco,CA,94122,1275000,3.0,1.5,Inner Sunset,1249.0,1021.0,200.0,37.764947899999996,-122.46926599999999,1905,"37.764947899999996,-122.46926599999999"
158,Single Family Residential,198 Bradford St,San Francisco,CA,94110,1498000,4.0,2.0,Bernal Heights,1940.0,772.0,,37.739886600000006,-122.4098379,nan,"37.739886600000006,-122.4098379"
159,Multi-Family (2-4 Unit),635-637 Baker St,San Francisco,CA,94117,2775000,8.0,5.0,North Panhandle,4200.0,661.0,,37.7770339,-122.4419544,1900,"37.7770339,-122.4419544"
160,Condo/Co-op,875 Indiana St #326,SAN FRANCISCO,CA,94107,989000,1.0,1.5,SAN FRANCISCO,855.0,1157.0,524.0,37.759671600000004,-122.3908629,2009,"37.759671600000004,-122.3908629"
161,Condo/Co-op,333 Beale St Unit 4C,San Francisco,CA,94105,1228000,1.0,1.5,South Beach,916.0,1341.0,1134.0,37.788493700000004,-122.3918797,2015,"37.788493700000004,-122.3918797"
162,Single Family Residential,240 Chenery St,San Francisco,CA,94131,4500000,4.0,4.5,Glen Park,3650.0,1233.0,,37.7384164,-122.4267064,1908,"37.7384164,-122.4267064"
163,Condo/Co-op,1755 Jackson St #406,San Francisco,CA,94109,2250000,3.0,3.0,Pacific Heights,1906.0,1180.0,750.0,37.793537799999996,-122.4240021,1923,"37.793537799999996,-122.4240021"
164,Multi-Family (5+ Unit),402 Duboce Ave,San Francisco,CA,94117,6350000,17.0,,Duboce Triangle,9399.0,676.0,,37.769595100000004,-122.43015559999999,1908,"37.769595100000004,-122.43015559999999"
165,Condo/Co-op,81 Lansing St #410,San Francisco,CA,94105,949000,1.0,1.0,South Beach,855.0,1110.0,743.0,37.785639200000006,-122.39400659999998,1995,"37.785639200000006,-122.39400659999998"
166,Multi-Family (2-4 Unit),729-733 Vallejo St,San Francisco,CA,94133,1299000,6.0,2.0,North Beach,3660.0,355.0,,37.79831970000001,-122.40931840000002,1906,"37.79831970000001,-122.40931840000002"
167,Townhouse,2001 McAllister St #254,San Francisco,CA,94118,1450000,2.0,2.5,North Panhandle,1407.0,1031.0,931.0,37.7763812,-122.4456902,2002,"37.7763812,-122.4456902"
168,Single Family Residential,4073-4075 17th St,San Francisco,CA,94114,2795000,3.0,3.0,Corona Heights,2336.0,1196.0,,37.7622875,-122.43670549999999,1907,"37.7622875,-122.43670549999999"
169,Single Family Residential,3020 Scott St,San Francisco,CA,94123,3980000,3.0,3.5,Cow Hollow,2400.0,1658.0,,37.7980388,-122.4405642,1900,"37.7980388,-122.4405642"
170,Condo/Co-op,338 Main St Unit 35D,San Francisco,CA,94105,1498000,1.0,1.0,South Beach,963.0,1556.0,1143.0,37.78867329999999,-122.39141780000001,2016,"37.78867329999999,-122.39141780000001"
171,Multi-Family (5+ Unit),674-678 Haight St,San Francisco,CA,94117,3100000,9.0,,Hayes Valley,5655.0,548.0,,37.7719836,-122.43336670000001,1890,"37.7719836,-122.43336670000001"
172,Condo/Co-op,2200 Sacramento St #1305,San Francisco,CA,94115,2050000,1.0,2.0,Pacific Heights,,,682.0,37.790681400000004,-122.42949840000001,1964,"37.790681400000004,-122.42949840000001"
173,Condo/Co-op,1333 Jones St #1609,San Francisco,CA,94109,1250000,1.0,1.0,Nob Hill,,,1185.0,37.793621,-122.41488229999999,1961,"37.793621,-122.41488229999999"
174,Condo/Co-op,2946 Pierce,San Francisco,CA,94123,4250000,3.0,3.5,Cow Hollow,2798.0,1519.0,300.0,37.797331,-122.438648,nan,"37.797331,-122.438648"
175,Single Family Residential,867 27th Ave,San Francisco,CA,94121,799950,3.0,2.0,Central Richmond,1666.0,480.0,,37.7730701,-122.48668090000001,1931,"37.7730701,-122.48668090000001"
176,Single Family Residential,366 Quintara St,San Francisco,CA,94116,1325000,2.0,1.0,Golden Gate Heights,,,,37.7490791,-122.4695788,1949,"37.7490791,-122.4695788"
177,Single Family Residential,311 Amber Dr,San Francisco,CA,94131,2350000,3.0,2.0,Diamond Heights,1648.0,1426.0,,37.7445366,-122.44227839999999,1963,"37.7445366,-122.44227839999999"
178,Condo/Co-op,1177 California St #623,San Francisco,CA,94108,725000,1.0,1.0,Nob Hill,706.0,1027.0,1139.0,37.791026200000005,-122.4136476,1978,"37.791026200000005,-122.4136476"
179,Single Family Residential,46 Porter St,SAN FRANCISCO,CA,94110,1199000,3.0,2.0,SAN FRANCISCO,1420.0,844.0,,37.734394200000004,-122.41837759999999,1900,"37.734394200000004,-122.41837759999999"
180,Single Family Residential,78 Cotter St,San Francisco,CA,94112,995000,4.0,3.0,San Francisco County,1580.0,630.0,,37.7280723,-122.4343947,1905,"37.7280723,-122.4343947"
181,Single Family Residential,63 Carmel St,San Francisco,CA,94117,3650000,4.0,4.5,Parnassus/Ashbury Heights,4588.0,796.0,,37.7607091,-122.44804679999999,1922,"37.7607091,-122.44804679999999"
182,Single Family Residential,930 Naples St,San Francisco,CA,94112,1250000,3.0,2.0,Excelsior,1540.0,812.0,,37.715078000000005,-122.43589899999999,1921,"37.715078000000005,-122.43589899999999"
183,Condo/Co-op,965 Folsom St #202,San Francisco,CA,94107,1100000,1.0,1.5,South of Market,1547.0,711.0,705.0,37.7790012,-122.40448500000001,2000,"37.7790012,-122.40448500000001"
184,Condo/Co-op,222 Eureka St,San Francisco,CA,94114,1495000,2.0,1.5,Eureka Valley/Dolore,1365.0,1095.0,375.0,37.758628,-122.43838799999999,1902,"37.758628,-122.43838799999999"
185,Condo/Co-op,4397 25th St,San Francisco,CA,94114,1399000,3.0,1.0,Noe Valley,1339.0,1045.0,430.0,37.749249,-122.43815,1908,"37.749249,-122.43815"
186,Condo/Co-op,280 Spear St Unit 4U,San Francisco,CA,94105,945000,1.0,1.0,South Beach,671.0,1408.0,1078.0,37.7903739,-122.3913812,2020,"37.7903739,-122.3913812"
187,Single Family Residential,663 Marina Blvd,San Francisco,CA,94123,9250000,6.0,6.5,Marina,5420.0,1707.0,,37.8052169,-122.4447837,1937,"37.8052169,-122.4447837"
188,Single Family Residential,1401 Shafter Ave,San Francisco,CA,94124,980000,3.0,2.5,Bayview,1412.0,694.0,,37.7288266,-122.3872686,1929,"37.7288266,-122.3872686"
189,Multi-Family (2-4 Unit),1061-1065 Oak St,San Francisco,CA,94117,2500000,4.0,2.0,Hayes Valley,3418.0,731.0,,37.772929100000006,-122.4367287,1900,"37.772929100000006,-122.4367287"
190,Single Family Residential,454 32nd Ave,SAN FRANCISCO,CA,94121,1888000,3.0,3.5,SAN FRANCISCO,1968.0,959.0,,37.7806473,-122.49203090000002,1924,"37.7806473,-122.49203090000002"
191,Condo/Co-op,388 Fulton St #310,San Francisco,CA,94102,310798,0.0,1.0,Hayes Valley,347.0,896.0,445.0,37.7790409,-122.4231102,2016,"37.7790409,-122.4231102"
192,Condo/Co-op,301 Mission St Unit 3H,San Francisco,CA,94105,754000,1.0,1.0,Yerba Buena,773.0,975.0,1531.0,37.7903824,-122.39615309999999,2009,"37.7903824,-122.39615309999999"
193,Condo/Co-op,4475 24th St #4,San Francisco,CA,94114,1750000,3.0,2.0,Noe Valley,1654.0,1058.0,308.0,37.7506157,-122.4422679,1979,"37.7506157,-122.4422679"
194,Condo/Co-op,1075 Market St #612,San Francisco,CA,94103,890000,1.0,1.0,699 - Not Defined,662.0,1344.0,738.0,37.7807996,-122.4118342,2018,"37.7807996,-122.4118342"
195,Condo/Co-op,461 2nd St Unit C135,San Francisco,CA,94107,1189000,1.0,1.0,South Beach,1317.0,903.0,709.0,37.7834473,-122.3936481,1907,"37.7834473,-122.3936481"
196,Multi-Family (2-4 Unit),1642-1644 Waller St,San Francisco,CA,94117,1995000,,,Haight Ashbury,2713.0,735.0,,37.7687206,-122.45135859999999,1904,"37.7687206,-122.45135859999999"
197,Condo/Co-op,2468 Bush Unit A,San Francisco,CA,94115,698000,1.0,1.0,Lower Pacific Height,,,188.0,37.786645,-122.43789850000002,1900,"37.786645,-122.43789850000002"
198,Condo/Co-op,1333 Jones St #1102,San Francisco,CA,94109,2199000,1.0,2.0,Nob Hill,1590.0,1383.0,1592.0,37.793621,-122.41488229999999,1960,"37.793621,-122.41488229999999"
199,Single Family Residential,1759 8th Ave,San Francisco,CA,94122,1325000,3.0,2.0,Inner Sunset,1760.0,753.0,,37.755515,-122.464973,1925,"37.755515,-122.464973"
200,Single Family Residential,1547 Thomas Ave,SAN FRANCISCO,CA,94124,899000,2.0,1.5,SAN FRANCISCO,1425.0,631.0,,37.729713700000005,-122.3904951,1941,"37.729713700000005,-122.3904951"
201,Condo/Co-op,3714 23rd St,San Francisco,CA,94114,1525000,3.0,2.0,Noe Valley,,,223.0,37.753561,-122.42577790000001,1900,"37.753561,-122.42577790000001"
202,Condo/Co-op,199 Tiffany Ave #210,San Francisco,CA,94110,1249000,2.0,2.0,Bernal Heights,1171.0,1067.0,731.0,37.744274,-122.4213436,2004,"37.744274,-122.4213436"
203,Single Family Residential,1500 Visitacion Ave,San Francisco,CA,94134,949000,3.0,2.0,San Francisco,1068.0,889.0,,37.7131716,-122.4135547,1944,"37.7131716,-122.4135547"
204,Single Family Residential,1246 47th Ave,San Francisco,CA,94122,650000,1.0,1.0,Outer Sunset,550.0,1182.0,,37.763296399999994,-122.50678070000001,1923,"37.763296399999994,-122.50678070000001"
205,Condo/Co-op,201 Folsom St Unit 6G,San Francisco,CA,94105,1795000,2.0,2.0,South Beach,1401.0,1281.0,1216.0,37.788705900000004,-122.3922385,2016,"37.788705900000004,-122.3922385"
206,Single Family Residential,1244 47th Ave,San Francisco,CA,94122,1088888,2.0,1.0,Outer Sunset,1056.0,1031.0,,37.7632902,-122.50701370000002,1923,"37.7632902,-122.50701370000002"
207,Condo/Co-op,1314 Greenwich St,San Francisco,CA,94109,855000,1.0,1.0,San Francisco,,,525.0,37.800947799999996,-122.42141799999999,1924,"37.800947799999996,-122.42141799999999"
208,Single Family Residential,1324 Rhode Island St,San Francisco,CA,94107,4075000,4.0,4.0,Potrero Hill,3605.0,1130.0,,37.7529052,-122.40161840000002,1913,"37.7529052,-122.40161840000002"
209,Condo/Co-op,1635 California St #24,San Francisco,CA,94109,1099000,2.0,2.0,Nob Hill,915.0,1201.0,639.0,37.790183299999995,-122.4213456,2005,"37.790183299999995,-122.4213456"
210,Condo/Co-op,601 4th St #302,San Francisco,CA,94107,965000,1.0,1.0,South Beach,1026.0,941.0,576.0,37.7781631,-122.39577779999999,1918,"37.7781631,-122.39577779999999"
211,Condo/Co-op,1188 Valencia St #210,San Francisco,CA,94110,889000,1.0,1.0,Inner Mission,,,484.0,37.75392,-122.42101640000001,2018,"37.75392,-122.42101640000001"
212,Single Family Residential,661 Rockdale Dr,San Francisco,CA,94127,1325000,2.0,1.0,Miraloma Park,1150.0,1152.0,,37.740881200000004,-122.45077109999998,1930,"37.740881200000004,-122.45077109999998"
213,Condo/Co-op,53 Wilder St #403,San Francisco,CA,94131,1295000,2.0,2.0,Glen Park,1231.0,1052.0,688.0,37.7339803,-122.4336263,2006,"37.7339803,-122.4336263"
214,Condo/Co-op,1775 Broadway #8,SAN FRANCISCO,CA,94109,994500,1.0,1.0,SAN FRANCISCO,728.0,1366.0,662.0,37.795108,-122.426207,1925,"37.795108,-122.426207"
215,Condo/Co-op,301 Mission St Unit 33E,San Francisco,CA,94105,1995000,2.0,2.0,Yerba Buena,1714.0,1164.0,2670.0,37.7903824,-122.39615309999999,2009,"37.7903824,-122.39615309999999"
216,Multi-Family (2-4 Unit),2920 Gough St,San Francisco,CA,94123,3500000,4.0,3.0,Cow Hollow,3700.0,946.0,,37.8003671,-122.4274242,1937,"37.8003671,-122.4274242"
217,Single Family Residential,4412 17th St,San Francisco,CA,94114,2350000,3.0,2.5,Corona Heights,2073.0,1134.0,,37.762178000000006,-122.44373600000002,1907,"37.762178000000006,-122.44373600000002"
218,Multi-Family (2-4 Unit),1736-1738 Fell St,San Francisco,CA,94117,3495000,,,North Panhandle,6825.0,512.0,,37.7731919,-122.44670190000001,1900,"37.7731919,-122.44670190000001"
219,Condo/Co-op,158 Laidley St #3,San Francisco,CA,94131,895000,1.0,1.0,Glen Park,660.0,1356.0,268.0,37.7392008,-122.42895690000002,1960,"37.7392008,-122.42895690000002"
220,Condo/Co-op,1000 Pennsylvania Ave #12,San Francisco,CA,94107,1295000,2.0,3.0,Potrero Hill,1727.0,750.0,769.0,37.7539025,-122.3930979,2001,"37.7539025,-122.3930979"
221,Single Family Residential,2576 26th Ave,San Francisco,CA,94116,1128000,4.0,1.25,Parkside,2037.0,554.0,,37.7394617,-122.4827013,1931,"37.7394617,-122.4827013"
222,Single Family Residential,42 Meda Ave,SAN FRANCISCO,CA,94112,1309000,4.0,2.0,SAN FRANCISCO,1349.0,970.0,,37.72384279999999,-122.44167390000001,1916,"37.72384279999999,-122.44167390000001"
223,Single Family Residential,2956 19th Ave,SAN FRANCISCO,CA,94132,2098000,4.0,3.0,SAN FRANCISCO,2512.0,835.0,,37.733351500000005,-122.4747418,1936,"37.733351500000005,-122.4747418"
224,Single Family Residential,86 Fair Oaks St,San Francisco,CA,94110,2095000,2.0,1.0,Eureka Valley/Dolore,1740.0,1204.0,,37.755403799999996,-122.42459380000001,1908,"37.755403799999996,-122.42459380000001"
225,Condo/Co-op,765 Market St Ph 2CD,San Francisco,CA,94103,11000000,3.0,3.5,South of Market,3548.0,3100.0,5068.0,37.786097,-122.40416289999999,2001,"37.786097,-122.40416289999999"
226,Condo/Co-op,3418 26th St #11,San Francisco,CA,94110,719000,1.0,1.0,Inner Mission,,,570.0,37.7492018,-122.41898379999999,2014,"37.7492018,-122.41898379999999"
227,Single Family Residential,1407 Shafter Ave,San Francisco,CA,94124,950000,4.0,3.0,Bayview,,,,37.7288748,-122.38732399999999,1920,"37.7288748,-122.38732399999999"
228,Condo/Co-op,339 Presidio Ave,San Francisco,CA,94115,1825000,3.0,1.0,Presidio Heights,1553.0,1175.0,104.0,37.788509600000005,-122.44716799999999,1924,"37.788509600000005,-122.44716799999999"
229,Condo/Co-op,875 Vermont St #105,San Francisco,CA,94107,699000,1.0,1.0,Potrero Hill,,,184.0,37.7585731,-122.403654,nan,"37.7585731,-122.403654"
230,Condo/Co-op,756 Lake St,San Francisco,CA,94118,1750000,2.0,2.0,Lake,,,,37.7867145,-122.46775,nan,"37.7867145,-122.46775"
231,Single Family Residential,326 Hale St,SAN FRANCISCO,CA,94134,995000,2.0,2.0,SAN FRANCISCO,1416.0,703.0,,37.7314436,-122.4114479,1950,"37.7314436,-122.4114479"
232,Condo/Co-op,333 Beale St Unit 8A,San Francisco,CA,94105,998000,1.0,1.0,South Beach,873.0,1143.0,985.0,37.788493700000004,-122.3918797,2015,"37.788493700000004,-122.3918797"
233,Single Family Residential,152 Fairmount St,San Francisco,CA,94131,2195000,3.0,2.0,Glen Park,1716.0,1279.0,,37.738994299999995,-122.4266784,nan,"37.738994299999995,-122.4266784"
234,Condo/Co-op,81 Frank Norris St #304,San Francisco,CA,94109,525000,1.0,1.0,Downtown,632.0,831.0,462.0,37.7890804,-122.4200528,2007,"37.7890804,-122.4200528"
235,Single Family Residential,411 Vallejo St,SAN FRANCISCO,CA,94133,2480000,2.0,2.5,SAN FRANCISCO,1240.0,2000.0,,37.798997,-122.40446680000001,1906,"37.798997,-122.40446680000001"
236,Condo/Co-op,56 Danvers St,San Francisco,CA,94114,2000000,2.0,2.0,Eureka Valley/Dolore,,,300.0,37.7606318,-122.44380770000001,nan,"37.7606318,-122.44380770000001"
237,Multi-Family (2-4 Unit),148-152 Fillmore St,San Francisco,CA,94117,3250000,7.0,5.0,Hayes Valley,3801.0,855.0,,37.7710169,-122.42996640000001,1900,"37.7710169,-122.42996640000001"
238,Single Family Residential,1045 Cole St,San Francisco,CA,94117,3995000,4.0,3.5,Parnassus/Ashbury Heights,3472.0,1151.0,,37.7642483,-122.4498422,1905,"37.7642483,-122.4498422"
239,Condo/Co-op,1264 Dolores St,San Francisco,CA,94110,1749000,2.0,2.0,Noe Valley,1738.0,1006.0,375.0,37.749153299999996,-122.4252791,2012,"37.749153299999996,-122.4252791"
240,Single Family Residential,623 Athens St,San Francisco,CA,94112,948000,2.0,2.0,Excelsior,1270.0,746.0,,37.7180551,-122.43087609999999,1927,"37.7180551,-122.43087609999999"
241,Single Family Residential,892 Ashbury St,San Francisco,CA,94117,4995000,5.0,4.0,Buena Vista Park,4290.0,1164.0,,37.7657851,-122.44581699999999,1905,"37.7657851,-122.44581699999999"
242,Condo/Co-op,1870 Jackson St #301,San Francisco,CA,94109,1650000,2.0,1.0,Pacific Heights,1350.0,1222.0,800.0,37.793859499999996,-122.4258544,1931,"37.793859499999996,-122.4258544"
243,Single Family Residential,3616 Folsom St,San Francisco,CA,94110,1995000,4.0,4.0,Bernal Heights,2030.0,983.0,,37.741206899999995,-122.4133888,1900,"37.741206899999995,-122.4133888"
244,Condo/Co-op,527 Oak St,San Francisco,CA,94102,1650000,2.0,2.0,Hayes Valley,1820.0,907.0,270.0,37.774205,-122.428032,1900,"37.774205,-122.428032"
245,Condo/Co-op,282 Pixley St,San Francisco,CA,94123,2288000,2.0,2.0,Cow Hollow,1733.0,1320.0,153.0,37.7984397,-122.43704740000001,nan,"37.7984397,-122.43704740000001"
246,Condo/Co-op,330 Mission Bay Blvd #604,San Francisco,CA,94158,2888000,2.0,2.0,Mission Bay,1569.0,1841.0,969.0,37.771662,-122.3874533,2008,"37.771662,-122.3874533"
247,Single Family Residential,718 Olmstead St,San Francisco,CA,94134,1159000,4.0,2.0,Portola,1660.0,698.0,,37.721074,-122.40896399999998,1951,"37.721074,-122.40896399999998"
248,Condo/Co-op,125 Gilbert St #7,San Francisco,CA,94103,1295000,2.0,2.5,South of Market,1550.0,835.0,792.0,37.773225200000006,-122.40191509999998,1996,"37.773225200000006,-122.40191509999998"
249,Single Family Residential,70 Manor Dr,San Francisco,CA,94127,2695000,4.0,4.0,Mount Davidson Manor,2796.0,964.0,,37.7276432,-122.4642608,1927,"37.7276432,-122.4642608"
250,Single Family Residential,135 15th Ave,San Francisco,CA,94118,4590000,5.0,3.5,Lake,3939.0,1165.0,,37.7855345,-122.4746091,1912,"37.7855345,-122.4746091"
251,Single Family Residential,1874 32nd Ave,San Francisco,CA,94122,1448000,3.0,2.0,Central Sunset,1642.0,882.0,,37.7522606,-122.49008549999999,1941,"37.7522606,-122.49008549999999"
252,Single Family Residential,3015 Ulloa St,San Francisco,CA,94116,1580000,4.0,2.0,Parkside,1881.0,840.0,,37.740392799999995,-122.4887983,1926,"37.740392799999995,-122.4887983"
253,Single Family Residential,4064 17th St,San Francisco,CA,94114,5150000,4.0,3.5,Corona Heights,,,,37.762613,-122.4366652,1908,"37.762613,-122.4366652"
254,Condo/Co-op,435 China Basin St #547,San Francisco,CA,94158,1999999,2.0,2.5,Mission Bay,1685.0,1187.0,910.0,37.771593599999996,-122.38858929999999,2012,"37.771593599999996,-122.38858929999999"
255,Single Family Residential,325 Congdon St,San Francisco,CA,94112,1095000,4.0,2.0,Excelsior,1237.0,885.0,,37.7289951,-122.4257331,1910,"37.7289951,-122.4257331"
256,Condo/Co-op,2011 3rd St #6,San Francisco,CA,94107,1095000,2.0,2.0,Central Waterfront,1210.0,905.0,562.0,37.7639479,-122.38848229999999,1997,"37.7639479,-122.38848229999999"
257,Condo/Co-op,551 Clipper St,San Francisco,CA,94114,1249000,2.0,1.0,Noe Valley,1126.0,1109.0,225.0,37.748446,-122.437242,1921,"37.748446,-122.437242"
258,Condo/Co-op,370 De Haro St Unit B10,San Francisco,CA,94103,1695000,2.0,2.5,Potrero Hill,1622.0,1045.0,,37.7654597,-122.4021363,1999,"37.7654597,-122.4021363"
259,Single Family Residential,295 Hazelwood Ave,San Francisco,CA,94127,1749000,2.0,2.0,Westwood Highlands,1439.0,1215.0,,37.73273579999999,-122.4554595,nan,"37.73273579999999,-122.4554595"
260,Condo/Co-op,160 Hancock St #3,San Francisco,CA,94114,2995000,3.0,3.0,Eureka Valley/Dolore,2425.0,1235.0,400.0,37.76052120000001,-122.431844,2003,"37.76052120000001,-122.431844"
261,Condo/Co-op,1100 Sacramento St #1002,San Francisco,CA,94108,12495000,3.0,3.75,Nob Hill,4320.0,2892.0,5387.0,37.79294779999999,-122.41141979999999,1925,"37.79294779999999,-122.41141979999999"
262,Condo/Co-op,1267 Oak St,San Francisco,CA,94117,679000,1.0,1.0,Haight Ashbury,758.0,896.0,275.0,37.772502,-122.44013400000001,1908,"37.772502,-122.44013400000001"
263,Single Family Residential,3741 Broderick St,San Francisco,CA,94123,9300000,5.0,4.0,Marina,5016.0,1854.0,,37.804978999999996,-122.44579479999999,1939,"37.804978999999996,-122.44579479999999"
264,Single Family Residential,195 Magellan Ave,San Francisco,CA,94116,3000000,4.0,3.0,Forest Hill,2976.0,1008.0,,37.7475875,-122.4597055,1950,"37.7475875,-122.4597055"
265,Multi-Family (2-4 Unit),3132-3136 23rd St,San Francisco,CA,94110,1200000,4.0,3.0,Inner Mission,2191.0,548.0,,37.7541819,-122.4150611,1900,"37.7541819,-122.4150611"
266,Multi-Family (2-4 Unit),479-481 32nd Ave,San Francisco,CA,94121,3250000,8.0,8.0,Central Richmond,5320.0,611.0,,37.7802087,-122.4925976,1923,"37.7802087,-122.4925976"
267,Townhouse,5031 Diamond Heights Blvd,San Francisco,CA,94131,1499000,3.0,2.5,Diamond Heights,2188.0,685.0,675.0,37.747421,-122.44268799999999,1979,"37.747421,-122.44268799999999"
268,Condo/Co-op,180 Corwin,San Francisco,CA,94114,995000,2.0,1.0,Eureka Valley/Dolore,,,469.0,37.7581502,-122.44071709999999,nan,"37.7581502,-122.44071709999999"
269,Condo/Co-op,236 Moultrie St,San Francisco,CA,94110,798000,2.0,1.0,Bernal Heights,,,,37.741120200000005,-122.4159179,1900,"37.741120200000005,-122.4159179"
270,Condo/Co-op,181 Ofarrell St #302,San Francisco,CA,94102,1295000,2.0,1.5,Downtown,1499.0,864.0,805.0,37.78618839999999,-122.40763290000001,2006,"37.78618839999999,-122.40763290000001"
271,Condo/Co-op,195 7th St #309,San Francisco,CA,94103,425000,0.0,1.0,South of Market,307.0,1384.0,370.0,37.7782751,-122.40943190000002,1991,"37.7782751,-122.40943190000002"
272,Condo/Co-op,240 Lombard St #229,San Francisco,CA,94111,599000,1.0,1.0,North Waterfront,580.0,1033.0,945.0,37.8042439,-122.4055041,1993,"37.8042439,-122.4055041"
273,Condo/Co-op,45 Bartlett St #416,San Francisco,CA,94110,698000,1.0,1.0,Inner Mission,517.0,1350.0,540.0,37.7559364,-122.41928600000001,2014,"37.7559364,-122.41928600000001"
274,Condo/Co-op,2482 Bush St,San Francisco,CA,94115,1650000,2.0,1.0,Lower Pacific Height,1522.0,1084.0,410.0,37.786716,-122.43809499999999,1900,"37.786716,-122.43809499999999"
275,Single Family Residential,375 Naples St,San Francisco,CA,94112-2058,1398888,3.0,1.5,Excelsior,1700.0,823.0,,37.7227237,-122.4295645,1917,"37.7227237,-122.4295645"
276,Single Family Residential,180 Princeton St,SAN FRANCISCO,CA,94134,1460000,3.0,4.0,SAN FRANCISCO,1794.0,814.0,,37.7274034,-122.4157422,1974,"37.7274034,-122.4157422"
277,Condo/Co-op,1468 Francisco St #3,San Francisco,CA,94123,1199000,1.0,1.0,Marina,984.0,1218.0,350.0,37.8029289,-122.4294106,1924,"37.8029289,-122.4294106"
278,Multi-Family (2-4 Unit),593-595 Clipper St,San Francisco,CA,94114,3800000,4.0,3.5,Noe Valley,2309.0,1646.0,,37.7484554,-122.4380625,1921,"37.7484554,-122.4380625"
279,Condo/Co-op,1000 North Point St #405,San Francisco,CA,94109,679000,0.0,1.0,Russian Hill,,,504.0,37.8055099,-122.42415729999999,1965,"37.8055099,-122.42415729999999"
280,Single Family Residential,46 Cook,San Francisco,CA,94118,2790000,4.0,3.0,Jordan Park/Laurel Heights,3216.0,868.0,,37.782883,-122.45203500000001,1900,"37.782883,-122.45203500000001"
281,Condo/Co-op,2600 18th St #7,San Francisco,CA,94110,1299000,2.0,2.0,Inner Mission,1304.0,996.0,573.0,37.762136,-122.40847920000002,1999,"37.762136,-122.40847920000002"
282,Condo/Co-op,322 Graystone Ter,San Francisco,CA,94114,998000,2.0,2.0,Twin Peaks,971.0,1028.0,105.0,37.756322999999995,-122.443739,1958,"37.756322999999995,-122.443739"
283,Single Family Residential,1252 Church St,San Francisco,CA,94110,1195000,2.0,1.0,Noe Valley,1050.0,1138.0,,37.7506935,-122.4275912,1900,"37.7506935,-122.4275912"
284,Condo/Co-op,1150 Sacramento St #504,San Francisco,CA,94108,2998000,2.0,2.5,Nob Hill,2555.0,1173.0,2715.0,37.792983899999996,-122.41179740000001,1989,"37.792983899999996,-122.41179740000001"
285,Single Family Residential,25 Chaves Ave,San Francisco,CA,94127,1498000,5.0,3.0,Miraloma Park,2255.0,664.0,,37.7426071,-122.45302690000001,1931,"37.7426071,-122.45302690000001"
286,Single Family Residential,364 Valley St,San Francisco,CA,94131,998000,1.0,1.0,Noe Valley,773.0,1291.0,,37.744498,-122.4304226,nan,"37.744498,-122.4304226"
287,Condo/Co-op,4024 18th St,San Francisco,CA,94114,2495000,3.0,2.5,Eureka Valley/Dolore,1930.0,1293.0,,37.7612088,-122.4334281,1900,"37.7612088,-122.4334281"
288,Condo/Co-op,4026 18th St,San Francisco,CA,94114,1995000,3.0,3.0,Eureka Valley/Dolore,1690.0,1180.0,,37.76117,-122.4334751,1900,"37.76117,-122.4334751"
289,Condo/Co-op,950 Tennessee St #211,San Francisco,CA,94107,1399000,2.0,2.0,Central Waterfront,1073.0,1304.0,598.0,37.759674700000005,-122.38982450000002,2020,"37.759674700000005,-122.38982450000002"
290,Condo/Co-op,950 Tennessee St #121,San Francisco,CA,94107,1199000,2.0,2.0,Central Waterfront,970.0,1236.0,598.0,37.759674700000005,-122.38982450000002,2020,"37.759674700000005,-122.38982450000002"
291,Condo/Co-op,950 Tennessee St #208,San Francisco,CA,94107,659000,0.0,1.0,Central Waterfront,472.0,1396.0,435.0,37.759674700000005,-122.38982450000002,2020,"37.759674700000005,-122.38982450000002"
292,Condo/Co-op,950 Tennessee St #116,San Francisco,CA,94107,669000,0.0,1.0,Central Waterfront,472.0,1417.0,435.0,37.759674700000005,-122.38982450000002,2020,"37.759674700000005,-122.38982450000002"
293,Condo/Co-op,955 Leavenworth St,SAN FRANCISCO,CA,94109,1545000,3.0,2.0,SAN FRANCISCO,1722.0,897.0,250.0,37.790011299999996,-122.41580890000002,1908,"37.790011299999996,-122.41580890000002"
294,Single Family Residential,2851 25th St,San Francisco,CA,94110,1895000,3.0,1.5,Inner Mission,1860.0,1019.0,,37.7511649,-122.4072825,1929,"37.7511649,-122.4072825"
295,Single Family Residential,817 Rockdale Dr,San Francisco,CA,94127,1395000,2.0,1.0,Miraloma Park,1125.0,1240.0,,37.7411205,-122.4533807,1928,"37.7411205,-122.4533807"
296,Condo/Co-op,225 26th Ave #1,San Francisco,CA,94121,1959000,4.0,3.5,Lake,2031.0,965.0,391.0,37.785127100000004,-122.4865075,2001,"37.785127100000004,-122.4865075"
297,Condo/Co-op,875 La Playa St #373,San Francisco,CA,94121,625000,1.0,1.0,Outer Richmond,767.0,815.0,758.0,37.771697499999995,-122.5103084,1983,"37.771697499999995,-122.5103084"
298,Condo/Co-op,712 Bryant St #4,San Francisco,CA,94107,1740000,2.0,2.5,South of Market,2180.0,798.0,833.0,37.777725399999994,-122.400944,2001,"37.777725399999994,-122.400944"
299,Single Family Residential,150 Beaumont Ave,San Francisco,CA,94118,2795000,5.0,3.0,Lone Mountain,2904.0,962.0,,37.7789,-122.45435379999999,1948,"37.7789,-122.45435379999999"
300,Single Family Residential,1820 Kirkham St,San Francisco,CA,94122,2195000,4.0,3.0,Central Sunset,2274.0,965.0,,37.759880200000005,-122.48057879999999,1932,"37.759880200000005,-122.48057879999999"
301,Condo/Co-op,425 1st St #4901,San Francisco,CA,94105,1315000,1.0,1.0,South Beach,837.0,1571.0,,37.7860625,-122.3921764,2008,"37.7860625,-122.3921764"
302,Condo/Co-op,1788 Clay St #405,San Francisco,CA,94109,925000,1.0,1.0,Nob Hill,780.0,1186.0,668.0,37.7925699,-122.42224979999999,2014,"37.7925699,-122.42224979999999"
303,Condo/Co-op,1177 California St #724,San Francisco,CA,94108,1755000,2.0,2.0,Nob Hill,1653.0,1062.0,1779.0,37.791026200000005,-122.4136476,1978,"37.791026200000005,-122.4136476"
304,Single Family Residential,595 Clipper St,San Francisco,CA,94114,3800000,4.0,3.0,Noe Valley,2309.0,1646.0,,37.7485106,-122.4380903,1921,"37.7485106,-122.4380903"
305,Single Family Residential,745 Goettingen St,SAN FRANCISCO,CA,94134,1295000,4.0,3.0,SAN FRANCISCO,1455.0,890.0,,37.7227524,-122.4046828,1951,"37.7227524,-122.4046828"
306,Single Family Residential,2341 Vallejo St,San Francisco,CA,94123,6500000,4.0,4.0,Pacific Heights,3685.0,1764.0,,37.7949444,-122.43580870000001,1922,"37.7949444,-122.43580870000001"
307,Multi-Family (2-4 Unit),4231 4231A 26th St,San Francisco,CA,94131,3045000,5.0,4.0,Noe Valley,,,,37.7478511,-122.43494440000002,1907,"37.7478511,-122.43494440000002"
308,Condo/Co-op,755 Capp St,San Francisco,CA,94110,1695000,3.0,1.0,Inner Mission,1890.0,897.0,200.0,37.754276000000004,-122.41722299999999,1900,"37.754276000000004,-122.41722299999999"
309,Condo/Co-op,170 King St #409,San Francisco,CA,94107,818000,1.0,1.0,South Beach,690.0,1186.0,698.0,37.7789817,-122.39175149999998,2007,"37.7789817,-122.39175149999998"
310,Condo/Co-op,601 4th St #312,San Francisco,CA,94107,1250000,1.0,2.0,South Beach,1147.0,1090.0,689.0,37.7781631,-122.39577779999999,1916,"37.7781631,-122.39577779999999"
311,Condo/Co-op,35 Alpine Ter #5,San Francisco,CA,94117,2999000,2.0,2.5,Buena Vista Park,,,715.0,37.769774,-122.43741299999999,1958,"37.769774,-122.43741299999999"
312,Single Family Residential,1485 11th Ave,San Francisco,CA,94122,1288000,3.0,2.0,Inner Sunset,,,,37.760500799999996,-122.4684179,1922,"37.760500799999996,-122.4684179"
313,Condo/Co-op,4231 26th St #4231,San Francisco,CA,94131,1495000,2.0,1.0,Noe Valley,1553.0,963.0,,37.747929,-122.4349606,1907,"37.747929,-122.4349606"
314,Condo/Co-op,4231 4231A 26th St Unit 4231A,San Francisco,CA,94131,1550000,3.0,3.0,Noe Valley,1401.0,1106.0,,37.7478511,-122.43494440000002,1907,"37.7478511,-122.43494440000002"
315,Condo/Co-op,1945 Hyde St #7,San Francisco,CA,94109,4700000,2.0,2.0,Russian Hill,,,1406.0,37.798823299999995,-122.4192632,1920,"37.798823299999995,-122.4192632"
316,Single Family Residential,502 Plymouth Ave,San Francisco,CA,94112,795000,2.0,1.0,Oceanview,950.0,837.0,,37.7151059,-122.45578020000002,1907,"37.7151059,-122.45578020000002"
317,Multi-Family (5+ Unit),1649 Market St,San Francisco,CA,94103,28500000,4.0,,South of Market,41544.0,686.0,,37.7733868,-122.4212372,1912,"37.7733868,-122.4212372"
318,Condo/Co-op,318 Spear St Unit 3A,San Francisco,CA,94105,1499000,2.0,2.0,South Beach,1274.0,1177.0,982.0,37.789745700000005,-122.3908558,2008,"37.789745700000005,-122.3908558"
319,Condo/Co-op,1160 Mission St #2309,San Francisco,CA,94103,899000,1.0,1.0,South of Market,,,805.0,37.7787037,-122.4126341,2008,"37.7787037,-122.4126341"
320,Condo/Co-op,207 King St #710,San Francisco,CA,94107,1499000,2.0,1.5,Mission Bay,1302.0,1151.0,656.0,37.777527500000005,-122.3916855,2003,"37.777527500000005,-122.3916855"
321,Condo/Co-op,250 King St #1504,San Francisco,CA,94107,725000,0.0,1.0,Mission Bay,595.0,1218.0,799.0,37.7781222,-122.39329029999999,2004,"37.7781222,-122.39329029999999"
322,Condo/Co-op,540 De Haro St #204,San Francisco,CA,94107,1795000,2.0,2.5,Potrero Hill,1495.0,1201.0,558.0,37.763009000000004,-122.4016864,2020,"37.763009000000004,-122.4016864"
323,Single Family Residential,256 Fowler Ave,San Francisco,CA,94127,1998000,3.0,3.0,Miraloma Park,1892.0,1056.0,,37.7433188,-122.4520624,1932,"37.7433188,-122.4520624"
324,Single Family Residential,2590 Green St,San Francisco,CA,94123,28800000,5.0,8.0,Pacific Heights,8630.0,3337.0,,37.795586,-122.441718,1920,"37.795586,-122.441718"
325,Condo/Co-op,1488 Harrison St #204,San Francisco,CA,94103,1025000,2.0,2.0,South of Market,1102.0,930.0,614.0,37.7709329,-122.41242050000001,2001,"37.7709329,-122.41242050000001"
326,Single Family Residential,29 Park Hill Ave,San Francisco,CA,94117,4700000,4.0,4.0,Buena Vista Park,2810.0,1673.0,,37.7676583,-122.43906820000001,1927,"37.7676583,-122.43906820000001"
327,Single Family Residential,338 Duncan St,San Francisco,CA,94131,4895000,5.0,5.0,Noe Valley,3578.0,1368.0,,37.7462262,-122.42860879999999,1900,"37.7462262,-122.42860879999999"
328,Multi-Family (2-4 Unit),66-68 Cook St,San Francisco,CA,94118,2100000,3.0,3.0,Jordan Park/Laurel Heights,1905.0,1102.0,,37.7826086,-122.4519794,1900,"37.7826086,-122.4519794"
329,Townhouse,419 Fulton St #204,San Francisco,CA,94102,1795000,3.0,2.0,Hayes Valley,1443.0,1244.0,694.0,37.7784716,-122.4238129,2000,"37.7784716,-122.4238129"
330,Condo/Co-op,238 Moultrie St,San Francisco,CA,94110,1100000,2.0,1.0,Bernal Heights,,,,37.7411267,-122.4159219,1900,"37.7411267,-122.4159219"
331,Condo/Co-op,175 Russ St #5,San Francisco,CA,94103,849000,1.0,1.5,South of Market,837.0,1014.0,584.0,37.7781581,-122.4069909,2003,"37.7781581,-122.4069909"
332,Condo/Co-op,1075 Market St #408,San Francisco,CA,94103,724000,1.0,1.0,South of Market,554.0,1307.0,665.0,37.7807996,-122.4118342,2018,"37.7807996,-122.4118342"
333,Condo/Co-op,425 1st St #1506,San Francisco,CA,94105,1525000,2.0,2.0,South Beach,1238.0,1232.0,1096.0,37.7860625,-122.3921764,2008,"37.7860625,-122.3921764"
334,Condo/Co-op,338 Spear St Unit 20B,San Francisco,CA,94105,2695000,2.0,2.0,South Beach,,,998.0,37.789413700000004,-122.3906433,nan,"37.789413700000004,-122.3906433"
335,Condo/Co-op,65 Hermann St #1,San Francisco,CA,94102,850000,1.0,1.0,Hayes Valley,877.0,969.0,400.0,37.7704882,-122.42615500000001,1959,"37.7704882,-122.42615500000001"
336,Multi-Family (5+ Unit),781 Corbett Ave,San Francisco,CA,94131,2300000,4.0,,Twin Peaks,3344.0,688.0,,37.7542112,-122.4425105,1955,"37.7542112,-122.4425105"
337,Condo/Co-op,318 Spear St Unit 8G,San Francisco,CA,94105,1099000,1.0,1.0,South Beach,798.0,1377.0,891.0,37.789745700000005,-122.3908558,2008,"37.789745700000005,-122.3908558"
338,Condo/Co-op,188 Minna St Unit 35D,San Francisco,CA,94105,3800000,2.0,2.5,Yerba Buena,1792.0,2121.0,2743.0,37.786146200000005,-122.4013007,2005,"37.786146200000005,-122.4013007"
339,Townhouse,145 Gardenside Dr #22,San Francisco,CA,94131,995000,2.0,1.5,Twin Peaks,1274.0,781.0,751.0,37.7543339,-122.4449841,1981,"37.7543339,-122.4449841"
340,Condo/Co-op,1300 22nd St #110,San Francisco,CA,94107,1095000,2.0,2.0,Potrero Hill,,,673.0,37.7578379,-122.39447140000001,2016,"37.7578379,-122.39447140000001"
341,Single Family Residential,474 Arkansas St,San Francisco,CA,94107,1185000,3.0,1.0,Potrero Hill,1105.0,1072.0,,37.760202500000005,-122.39841809999999,1914,"37.760202500000005,-122.39841809999999"
342,Condo/Co-op,73 Wood St,San Francisco,CA,94118,625000,1.0,1.0,Jordan Park/Laurel Heights,1080.0,579.0,,37.782740999999994,-122.44948000000001,nan,"37.782740999999994,-122.44948000000001"
343,Single Family Residential,830 Rhode Island St,San Francisco,CA,94107,2150000,0.0,,Potrero Hill,4150.0,518.0,,37.7592172,-122.4023154,1900,"37.7592172,-122.4023154"
344,Multi-Family (5+ Unit),734-740 Green St,San Francisco,CA,94133,7750000,21.0,,North Beach,10670.0,726.0,,37.799504,-122.41134369999999,1907,"37.799504,-122.41134369999999"
345,Condo/Co-op,155 Harriet St #8,San Francisco,CA,94103,999000,2.0,2.0,South of Market,,,652.0,37.7776155,-122.4049895,2001,"37.7776155,-122.4049895"
346,Condo/Co-op,769 19th Ave,San Francisco,CA,94121,1425000,2.0,1.5,Central Richmond,1400.0,1018.0,250.0,37.7734744,-122.47813670000001,1922,"37.7734744,-122.47813670000001"
347,Condo/Co-op,355 Buena Vista Ave Unit 512W,San Francisco,CA,94117,1425000,2.0,2.0,Buena Vista Park,1030.0,1383.0,858.0,37.7671808,-122.44013290000001,1986,"37.7671808,-122.44013290000001"
348,Single Family Residential,2587 41st Ave,San Francisco,CA,94116,1095000,3.0,2.0,Outer Parkside,1655.0,662.0,,37.738546,-122.49922859999998,1952,"37.738546,-122.49922859999998"
349,Condo/Co-op,1160 Mission St #1907,San Francisco,CA,94103,1200000,2.0,2.0,South of Market,1043.0,1151.0,915.0,37.7787037,-122.4126341,2008,"37.7787037,-122.4126341"
